<?xml version="1.0" encoding="UTF-8" ?>
<!DOCTYPE mapper
PUBLIC "-//mybatis.org//DTD Mapper 3.0//EN"
"http://mybatis.org/dtd/mybatis-3-mapper.dtd">
<mapper namespace="com.zhy.flowable.mapper.FlowCCMapper">

    <resultMap type="FlowCC" id="FlowCCResult">
    	<id     property="id"      column="id"      />
        <result property="userId"    column="user_id"    />
        <result property="processInstanceId"     column="process_instance_id"     />
        <result property="activityId"   column="activity_id"   />
        <result property="ccTitle"    column="cc_title"    />
        <result property="ccDesc"      column="cc_desc"      />
        <result property="readed"    column="readed"    />
        <result property="readTime"      column="read_time"      />
        <result property="createBy"    column="create_by"    />
        <result property="createTime"    column="create_time"    />
        <result property="updateBy"    column="update_by"    />
        <result property="updateTime"    column="update_time"    />
    </resultMap>


    <!-- 查询条件 -->
	<sql id="sqlwhereSearch">
		<where>
            CC.user_id = #{userId}
            <if test="dto.readed != null and dto.readed != -1">
                AND CC.readed = #{dto.readed}
            </if>
			<if test="dto.search != null and dto.search != ''">
                AND (
                (
                EXISTS (
                SELECT
                1
                FROM
                ACT_HI_VARINST V
                WHERE
                RES.PROC_INST_ID_ = V.PROC_INST_ID_
                AND V.TASK_ID_ IS NULL
                AND V.NAME_ = 'process_starter_nickname'
                AND V.VAR_TYPE_ = 'string'
                AND ( lower( V.TEXT_ ) LIKE "%"#{dto.search}"%" )
                )
                )
                OR (
                EXISTS (
                SELECT
                1
                FROM
                ACT_HI_VARINST V
                WHERE
                RES.PROC_INST_ID_ = V.PROC_INST_ID_
                AND V.TASK_ID_ IS NULL
                AND V.NAME_ = 'process_title'
                AND V.VAR_TYPE_ = 'string'
                AND ( lower( V.TEXT_ ) LIKE "%"#{dto.search}"%" )
                )
                )
                OR (
                EXISTS (
                SELECT
                1
                FROM
                ACT_HI_VARINST V
                WHERE
                RES.PROC_INST_ID_ = V.PROC_INST_ID_
                AND V.TASK_ID_ IS NULL
                AND V.NAME_ = 'process_desc'
                AND V.VAR_TYPE_ = 'string'
                AND ( lower( V.TEXT_ ) LIKE "%"#{dto.search}"%" )
                )
                )
                )
			</if>
			<if test="dto.processType != null and dto.processType != ''">
                AND (
                EXISTS (
                SELECT
                1
                FROM
                ACT_RE_PROCDEF D
                WHERE
                RES.PROC_DEF_ID_ = D.ID_
                AND ( D.KEY_ = #{dto.processType} OR D.NAME_ = #{dto.processType} )
                )
                )
			</if>
            <if test="dto.processStatus != null and dto.processStatus != ''">
                AND EXISTS (
                SELECT
                1
                FROM
                ACT_HI_VARINST V
                WHERE
                RES.PROC_INST_ID_ = V.PROC_INST_ID_
                AND V.TASK_ID_ IS NULL
                AND V.NAME_ = 'processStatus'
                AND V.VAR_TYPE_ = 'string'
                AND ( lower( V.TEXT_ ) = #{dto.processStatus} )
                )
            </if>
            <if test="dto.starter != null and dto.starter != ''">
                AND EXISTS (
                SELECT
                1
                FROM
                ACT_HI_VARINST V
                WHERE
                RES.PROC_INST_ID_ = V.PROC_INST_ID_
                AND V.TASK_ID_ IS NULL
                AND V.NAME_ = 'process_starter_id'
                AND V.VAR_TYPE_ = 'string'
                AND ( lower( V.TEXT_ ) = #{dto.starter} )
                )
            </if>
            <if test="dto.startTimeStart != null">
                AND EXISTS (
                SELECT
                1
                FROM
                ACT_HI_VARINST V
                WHERE
                RES.PROC_INST_ID_ = V.PROC_INST_ID_
                AND V.PROC_INST_ID_ = V.EXECUTION_ID_
                AND V.NAME_ = 'process_start_time'
                AND V.VAR_TYPE_ = 'date'
                AND ( V.LONG_ >= #{dto.startTimeStart, typeHandler=com.zhy.flowable.mapper.handler.MapperDate2LongConverter} )
                )
            </if>
            <if test="dto.startTimeEnd != null">
                AND EXISTS (
                SELECT
                1
                FROM
                ACT_HI_VARINST V
                WHERE
                RES.PROC_INST_ID_ = V.PROC_INST_ID_
                AND V.PROC_INST_ID_ = V.EXECUTION_ID_
                AND V.NAME_ = 'process_start_time'
                AND V.VAR_TYPE_ = 'date'
                AND ( V.LONG_ &lt;= #{dto.startTimeEnd, typeHandler=com.zhy.flowable.mapper.handler.MapperDate2LongConverter} )
                )
            </if>
            <if test="dto.endTimeStart != null">
                AND EXISTS (
                SELECT
                1
                FROM
                ACT_HI_VARINST V
                WHERE
                RES.PROC_INST_ID_ = V.PROC_INST_ID_
                AND V.PROC_INST_ID_ = V.EXECUTION_ID_
                AND V.NAME_ = 'process_end_time'
                AND V.VAR_TYPE_ = 'date'
                AND ( V.LONG_ >= #{dto.endTimeStart, typeHandler=com.zhy.flowable.mapper.handler.MapperDate2LongConverter} )
                )
            </if>
            <if test="dto.endTimeEnd != null">
                AND EXISTS (
                SELECT
                1
                FROM
                ACT_HI_VARINST V
                WHERE
                RES.PROC_INST_ID_ = V.PROC_INST_ID_
                AND V.PROC_INST_ID_ = V.EXECUTION_ID_
                AND V.NAME_ = 'process_end_time'
                AND V.VAR_TYPE_ = 'date'
                AND ( V.LONG_ &lt;= #{dto.endTimeEnd, typeHandler=com.zhy.flowable.mapper.handler.MapperDate2LongConverter} )
                )
            </if>

		</where>
	</sql>




    <select id="selectFlowCCListCount" resultType="java.lang.Long">
        SELECT
            COUNT(DISTINCT CC.id)
        FROM
            flow_cc CC
                LEFT JOIN ACT_HI_PROCINST RES ON CC.process_instance_id = RES.PROC_INST_ID_
        <include refid="sqlwhereSearch" />
    </select>

    <select id="selectFlowCCListPage" resultMap="FlowCCResult">
        SELECT
        CC.*
        FROM
        flow_cc CC
        LEFT JOIN ACT_HI_PROCINST RES ON CC.process_instance_id = RES.PROC_INST_ID_
        <include refid="sqlwhereSearch" />
        LIMIT ${(dto.pageSize==null?10:dto.pageSize) * ((dto.pageNum==null?1:dto.pageNum) - 1)}, ${(dto.pageSize==null?10:dto.pageSize)}
    </select>

</mapper>
