{
  "id": "3840502",
  "name": "flowable-dd",
  "font_family": "iconfont",
  "css_prefix_text": "icon-",
  "description": "",
  "glyphs": [
    {
      "icon_id": "20594666",
      "name": "流水号",
      "font_class": "liushuihao",
      "unicode": "e63f",
      "unicode_decimal": 58943
    },
    {
      "icon_id": "32538045",
      "name": "文字识别",
      "font_class": "wenzishibie",
      "unicode": "e9ce",
      "unicode_decimal": 59854
    },
    {
      "icon_id": "1263328",
      "name": "账户",
      "font_class": "zhanghu",
      "unicode": "e632",
      "unicode_decimal": 58930
    },
    {
      "icon_id": "15220285",
      "name": "评分",
      "font_class": "pingfen",
      "unicode": "e6e4",
      "unicode_decimal": 59108
    },
    {
      "icon_id": "11372655",
      "name": "地图",
      "font_class": "ditu",
      "unicode": "e8ad",
      "unicode_decimal": 59565
    },
    {
      "icon_id": "6839685",
      "name": "发票",
      "font_class": "fapiao",
      "unicode": "e6b8",
      "unicode_decimal": 59064
    },
    {
      "icon_id": "15220271",
      "name": "关联表单",
      "font_class": "guanlianbiaodan",
      "unicode": "e6e3",
      "unicode_decimal": 59107
    },
    {
      "icon_id": "1789469",
      "name": "计算指标",
      "font_class": "jisuanzhibiao",
      "unicode": "e6c0",
      "unicode_decimal": 59072
    },
    {
      "icon_id": "1288664",
      "name": "地点",
      "font_class": "didian",
      "unicode": "e61a",
      "unicode_decimal": 58906
    },
    {
      "icon_id": "7171125",
      "name": "部门管理",
      "font_class": "bumenguanli",
      "unicode": "e621",
      "unicode_decimal": 58913
    },
    {
      "icon_id": "31850947",
      "name": "icon-person-hezuo2",
      "font_class": "icon-person-hezuo2",
      "unicode": "e606",
      "unicode_decimal": 58886
    },
    {
      "icon_id": "15220277",
      "name": "用户选择",
      "font_class": "yonghuxuanze",
      "unicode": "e6e2",
      "unicode_decimal": 59106
    },
    {
      "icon_id": "28410601",
      "name": "签名",
      "font_class": "qianming",
      "unicode": "e66d",
      "unicode_decimal": 58989
    },
    {
      "icon_id": "15220269",
      "name": "分隔符",
      "font_class": "fengefu",
      "unicode": "e6d8",
      "unicode_decimal": 59096
    },
    {
      "icon_id": "15220281",
      "name": "表格",
      "font_class": "biaoge",
      "unicode": "e6d9",
      "unicode_decimal": 59097
    },
    {
      "icon_id": "15220290",
      "name": "附件",
      "font_class": "fujian",
      "unicode": "e6db",
      "unicode_decimal": 59099
    },
    {
      "icon_id": "15220294",
      "name": "金额",
      "font_class": "jine",
      "unicode": "e6e0",
      "unicode_decimal": 59104
    },
    {
      "icon_id": "15220296",
      "name": "图片",
      "font_class": "tupian",
      "unicode": "e6e1",
      "unicode_decimal": 59105
    },
    {
      "icon_id": "68235",
      "name": "分类",
      "font_class": "fenlei",
      "unicode": "e600",
      "unicode_decimal": 58880
    },
    {
      "icon_id": "17605436",
      "name": "分类",
      "font_class": "fenlei1",
      "unicode": "e811",
      "unicode_decimal": 59409
    },
    {
      "icon_id": "3007689",
      "name": "身份证",
      "font_class": "shenfenzheng",
      "unicode": "e614",
      "unicode_decimal": 58900
    },
    {
      "icon_id": "1766258",
      "name": "符号-日期区间",
      "font_class": "riqiqujian",
      "unicode": "e671",
      "unicode_decimal": 58993
    },
    {
      "icon_id": "15220266",
      "name": "日期选择",
      "font_class": "riqixuanze",
      "unicode": "e6da",
      "unicode_decimal": 59098
    },
    {
      "icon_id": "15220282",
      "name": "提示符",
      "font_class": "tishifu",
      "unicode": "e6dc",
      "unicode_decimal": 59100
    },
    {
      "icon_id": "15220288",
      "name": "手机号码",
      "font_class": "shoujihaoma",
      "unicode": "e6dd",
      "unicode_decimal": 59101
    },
    {
      "icon_id": "15220292",
      "name": "单选",
      "font_class": "danxuan",
      "unicode": "e6de",
      "unicode_decimal": 59102
    },
    {
      "icon_id": "15220293",
      "name": "多选",
      "font_class": "duoxuan",
      "unicode": "e6df",
      "unicode_decimal": 59103
    },
    {
      "icon_id": "15220268",
      "name": "数字输入",
      "font_class": "shuzishuru",
      "unicode": "e6d7",
      "unicode_decimal": 59095
    },
    {
      "icon_id": "1766479",
      "name": "符号-分栏",
      "font_class": "fenlan",
      "unicode": "e693",
      "unicode_decimal": 59027
    },
    {
      "icon_id": "15220263",
      "name": "多行输入",
      "font_class": "duohangshuru",
      "unicode": "e6d5",
      "unicode_decimal": 59093
    },
    {
      "icon_id": "15220264",
      "name": "单行输入",
      "font_class": "danhangshuru",
      "unicode": "e6d6",
      "unicode_decimal": 59094
    }
  ]
}
