<?xml version="1.0" encoding="UTF-8" ?>
<!DOCTYPE mapper
        PUBLIC "-//mybatis.org//DTD Mapper 3.0//EN"
        "http://mybatis.org/dtd/mybatis-3-mapper.dtd">
<mapper namespace="com.zhy.things.web.mapper.ThingsDeviceOrgMapper">

    <resultMap type="ThingsDeviceOrg" id="ThingsDeviceOrgResult">
        <result property="deviceOrgId"    column="device_org_id"    />
        <result property="parentId"    column="parent_id"    />
        <result property="deviceOrgName"    column="device_org_name"    />
        <result property="ancestors"    column="ancestors"    />
        <result property="createBy"    column="create_by"    />
        <result property="orderNum"    column="order_num"    />
        <result property="createTime"    column="create_time"    />
        <result property="updateBy"    column="update_by"    />
        <result property="updateTime"    column="update_time"    />
    </resultMap>

    <sql id="selectThingsDeviceOrgVo">
        select device_org_id, parent_id, device_org_name, ancestors, create_by, order_num, create_time, update_by, update_time from things_device_org
    </sql>

    <select id="selectThingsDeviceOrgList" parameterType="ThingsDeviceOrg" resultMap="ThingsDeviceOrgResult">
        <include refid="selectThingsDeviceOrgVo"/>
        <where>
            <if test="parentId != null "> and parent_id = #{parentId}</if>
            <if test="deviceOrgName != null  and deviceOrgName != ''"> and device_org_name like concat('%', #{deviceOrgName}, '%')</if>
            <if test="ancestors != null  and ancestors != ''"> and ancestors = #{ancestors}</if>
            <if test="orderNum != null "> and order_num = #{orderNum}</if>
        </where>
        order by parent_id, order_num
    </select>

    <select id="selectThingsDeviceOrgByDeviceOrgId" parameterType="Long" resultMap="ThingsDeviceOrgResult">
        <include refid="selectThingsDeviceOrgVo"/>
        where device_org_id = #{deviceOrgId}
    </select>

    <insert id="insertThingsDeviceOrg" parameterType="ThingsDeviceOrg" useGeneratedKeys="true" keyProperty="deviceOrgId">
        insert into things_device_org
        <trim prefix="(" suffix=")" suffixOverrides=",">
            <if test="parentId != null">parent_id,</if>
            <if test="deviceOrgName != null">device_org_name,</if>
            <if test="ancestors != null">ancestors,</if>
            <if test="createBy != null">create_by,</if>
            <if test="orderNum != null">order_num,</if>
            <if test="createTime != null">create_time,</if>
            <if test="updateBy != null">update_by,</if>
            <if test="updateTime != null">update_time,</if>
        </trim>
        <trim prefix="values (" suffix=")" suffixOverrides=",">
            <if test="parentId != null">#{parentId},</if>
            <if test="deviceOrgName != null">#{deviceOrgName},</if>
            <if test="ancestors != null">#{ancestors},</if>
            <if test="createBy != null">#{createBy},</if>
            <if test="orderNum != null">#{orderNum},</if>
            <if test="createTime != null">#{createTime},</if>
            <if test="updateBy != null">#{updateBy},</if>
            <if test="updateTime != null">#{updateTime},</if>
        </trim>
    </insert>

    <update id="updateThingsDeviceOrg" parameterType="ThingsDeviceOrg">
        update things_device_org
        <trim prefix="SET" suffixOverrides=",">
            <if test="parentId != null">parent_id = #{parentId},</if>
            <if test="deviceOrgName != null">device_org_name = #{deviceOrgName},</if>
            <if test="ancestors != null">ancestors = #{ancestors},</if>
            <if test="createBy != null">create_by = #{createBy},</if>
            <if test="orderNum != null">order_num = #{orderNum},</if>
            <if test="createTime != null">create_time = #{createTime},</if>
            <if test="updateBy != null">update_by = #{updateBy},</if>
            <if test="updateTime != null">update_time = #{updateTime},</if>
        </trim>
        where device_org_id = #{deviceOrgId}
    </update>

    <delete id="deleteThingsDeviceOrgByDeviceOrgId" parameterType="Long">
        delete from things_device_org where device_org_id = #{deviceOrgId}
    </delete>

    <delete id="deleteThingsDeviceOrgByDeviceOrgIds" parameterType="String">
        delete from things_device_org where device_org_id in
        <foreach item="deviceOrgId" collection="array" open="(" separator="," close=")">
            #{deviceOrgId}
        </foreach>
    </delete>
</mapper>