<?xml version="1.0" encoding="UTF-8"?>
<!DOCTYPE mapper PUBLIC "-//mybatis.org//DTD Mapper 3.0//EN" "http://mybatis.org/dtd/mybatis-3-mapper.dtd">
<mapper namespace="com.zhy.converter.mapper.HydRiWqamdWMapper">
  <resultMap id="BaseResultMap" type="com.zhy.converter.domain.HydRiWqamdW">
    
    <id column="spt" jdbcType="TIMESTAMP" property="spt" />
    <id column="stcd" jdbcType="VARCHAR" property="stcd" />
    <result column="ars" jdbcType="DOUBLE" property="ars" />
    <result column="cd" jdbcType="DOUBLE" property="cd" />
    <result column="chla" jdbcType="DOUBLE" property="chla" />
    <result column="codcr" jdbcType="DOUBLE" property="codcr" />
    <result column="codmn" jdbcType="DOUBLE" property="codmn" />
    <result column="cr6" jdbcType="DOUBLE" property="cr6" />
    <result column="cu" jdbcType="DOUBLE" property="cu" />
    <result column="doc" jdbcType="DOUBLE" property="doc" />
    <result column="f" jdbcType="DOUBLE" property="f" />
    <result column="hg" jdbcType="DOUBLE" property="hg" />
    <result column="n02" jdbcType="DOUBLE" property="n02" />
    <result column="n03" jdbcType="DOUBLE" property="n03" />
    <result column="nh3n" jdbcType="DOUBLE" property="nh3n" />
    <result column="pb" jdbcType="DOUBLE" property="pb" />
    <result column="sb" jdbcType="DOUBLE" property="sb" />
    <result column="tn" jdbcType="DOUBLE" property="tn" />
    <result column="toc" jdbcType="DOUBLE" property="toc" />
    <result column="tp" jdbcType="DOUBLE" property="tp" />
    <result column="turb" jdbcType="DOUBLE" property="turb" />
    <result column="vlph" jdbcType="DOUBLE" property="vlph" />
    <result column="wtmp" jdbcType="DOUBLE" property="wtmp" />
    <result column="zn" jdbcType="DOUBLE" property="zn" />
    <result column="cond" jdbcType="DOUBLE" property="cond" />
    <result column="ph" jdbcType="DOUBLE" property="ph" />
  </resultMap>
  <sql id="Base_Column_List">
    
    spt, stcd, ars, cd, chla, codcr, codmn, cr6, cu, doc, f, hg, n02, n03, nh3n, pb, 
    sb, tn, toc, tp, turb, vlph, wtmp, zn, cond, ph
  </sql>
  <select id="selectByPrimaryKey" parameterType="map" resultMap="BaseResultMap">
    
    select 
    <include refid="Base_Column_List" />
    from hyd_ri_wqamd_w
    where spt = #{spt,jdbcType=TIMESTAMP}
      and stcd = #{stcd,jdbcType=VARCHAR}
  </select>
  <delete id="deleteByPrimaryKey" parameterType="map">
    
    delete from hyd_ri_wqamd_w
    where spt = #{spt,jdbcType=TIMESTAMP}
      and stcd = #{stcd,jdbcType=VARCHAR}
  </delete>
  <insert id="insert" parameterType="com.zhy.converter.domain.HydRiWqamdW">
    insert into hyd_ri_wqamd_w (spt, stcd, ars, 
      cd, chla, codcr, codmn, 
      cr6, cu, doc, f, 
      hg, n02, n03, nh3n, 
      pb, sb, tn, toc, 
      tp, turb, vlph, wtmp, 
      zn, cond, ph)
    values (#{spt,jdbcType=TIMESTAMP}, #{stcd,jdbcType=VARCHAR}, #{ars,jdbcType=DOUBLE}, 
      #{cd,jdbcType=DOUBLE}, #{chla,jdbcType=DOUBLE}, #{codcr,jdbcType=DOUBLE}, #{codmn,jdbcType=DOUBLE}, 
      #{cr6,jdbcType=DOUBLE}, #{cu,jdbcType=DOUBLE}, #{doc,jdbcType=DOUBLE}, #{f,jdbcType=DOUBLE}, 
      #{hg,jdbcType=DOUBLE}, #{n02,jdbcType=DOUBLE}, #{n03,jdbcType=DOUBLE}, #{nh3n,jdbcType=DOUBLE}, 
      #{pb,jdbcType=DOUBLE}, #{sb,jdbcType=DOUBLE}, #{tn,jdbcType=DOUBLE}, #{toc,jdbcType=DOUBLE}, 
      #{tp,jdbcType=DOUBLE}, #{turb,jdbcType=DOUBLE}, #{vlph,jdbcType=DOUBLE}, #{wtmp,jdbcType=DOUBLE}, 
      #{zn,jdbcType=DOUBLE}, #{cond,jdbcType=DOUBLE}, #{ph,jdbcType=DOUBLE})
  </insert>
  <insert id="insertSelective" parameterType="com.zhy.converter.domain.HydRiWqamdW">
    insert into hyd_ri_wqamd_w
    <trim prefix="(" suffix=")" suffixOverrides=",">
      <if test="spt != null">
        spt,
      </if>
      <if test="stcd != null">
        stcd,
      </if>
      <if test="ars != null">
        ars,
      </if>
      <if test="cd != null">
        cd,
      </if>
      <if test="chla != null">
        chla,
      </if>
      <if test="codcr != null">
        codcr,
      </if>
      <if test="codmn != null">
        codmn,
      </if>
      <if test="cr6 != null">
        cr6,
      </if>
      <if test="cu != null">
        cu,
      </if>
      <if test="doc != null">
        doc,
      </if>
      <if test="f != null">
        f,
      </if>
      <if test="hg != null">
        hg,
      </if>
      <if test="n02 != null">
        n02,
      </if>
      <if test="n03 != null">
        n03,
      </if>
      <if test="nh3n != null">
        nh3n,
      </if>
      <if test="pb != null">
        pb,
      </if>
      <if test="sb != null">
        sb,
      </if>
      <if test="tn != null">
        tn,
      </if>
      <if test="toc != null">
        toc,
      </if>
      <if test="tp != null">
        tp,
      </if>
      <if test="turb != null">
        turb,
      </if>
      <if test="vlph != null">
        vlph,
      </if>
      <if test="wtmp != null">
        wtmp,
      </if>
      <if test="zn != null">
        zn,
      </if>
      <if test="cond != null">
        cond,
      </if>
      <if test="ph != null">
        ph,
      </if>
    </trim>
    <trim prefix="values (" suffix=")" suffixOverrides=",">
      <if test="spt != null">
        #{spt,jdbcType=TIMESTAMP},
      </if>
      <if test="stcd != null">
        #{stcd,jdbcType=VARCHAR},
      </if>
      <if test="ars != null">
        #{ars,jdbcType=DOUBLE},
      </if>
      <if test="cd != null">
        #{cd,jdbcType=DOUBLE},
      </if>
      <if test="chla != null">
        #{chla,jdbcType=DOUBLE},
      </if>
      <if test="codcr != null">
        #{codcr,jdbcType=DOUBLE},
      </if>
      <if test="codmn != null">
        #{codmn,jdbcType=DOUBLE},
      </if>
      <if test="cr6 != null">
        #{cr6,jdbcType=DOUBLE},
      </if>
      <if test="cu != null">
        #{cu,jdbcType=DOUBLE},
      </if>
      <if test="doc != null">
        #{doc,jdbcType=DOUBLE},
      </if>
      <if test="f != null">
        #{f,jdbcType=DOUBLE},
      </if>
      <if test="hg != null">
        #{hg,jdbcType=DOUBLE},
      </if>
      <if test="n02 != null">
        #{n02,jdbcType=DOUBLE},
      </if>
      <if test="n03 != null">
        #{n03,jdbcType=DOUBLE},
      </if>
      <if test="nh3n != null">
        #{nh3n,jdbcType=DOUBLE},
      </if>
      <if test="pb != null">
        #{pb,jdbcType=DOUBLE},
      </if>
      <if test="sb != null">
        #{sb,jdbcType=DOUBLE},
      </if>
      <if test="tn != null">
        #{tn,jdbcType=DOUBLE},
      </if>
      <if test="toc != null">
        #{toc,jdbcType=DOUBLE},
      </if>
      <if test="tp != null">
        #{tp,jdbcType=DOUBLE},
      </if>
      <if test="turb != null">
        #{turb,jdbcType=DOUBLE},
      </if>
      <if test="vlph != null">
        #{vlph,jdbcType=DOUBLE},
      </if>
      <if test="wtmp != null">
        #{wtmp,jdbcType=DOUBLE},
      </if>
      <if test="zn != null">
        #{zn,jdbcType=DOUBLE},
      </if>
      <if test="cond != null">
        #{cond,jdbcType=DOUBLE},
      </if>
      <if test="ph != null">
        #{ph,jdbcType=DOUBLE},
      </if>
    </trim>
  </insert>
  <update id="updateByPrimaryKeySelective" parameterType="com.zhy.converter.domain.HydRiWqamdW">
    update hyd_ri_wqamd_w
    <set>
      <if test="ars != null">
        ars = #{ars,jdbcType=DOUBLE},
      </if>
      <if test="cd != null">
        cd = #{cd,jdbcType=DOUBLE},
      </if>
      <if test="chla != null">
        chla = #{chla,jdbcType=DOUBLE},
      </if>
      <if test="codcr != null">
        codcr = #{codcr,jdbcType=DOUBLE},
      </if>
      <if test="codmn != null">
        codmn = #{codmn,jdbcType=DOUBLE},
      </if>
      <if test="cr6 != null">
        cr6 = #{cr6,jdbcType=DOUBLE},
      </if>
      <if test="cu != null">
        cu = #{cu,jdbcType=DOUBLE},
      </if>
      <if test="doc != null">
        doc = #{doc,jdbcType=DOUBLE},
      </if>
      <if test="f != null">
        f = #{f,jdbcType=DOUBLE},
      </if>
      <if test="hg != null">
        hg = #{hg,jdbcType=DOUBLE},
      </if>
      <if test="n02 != null">
        n02 = #{n02,jdbcType=DOUBLE},
      </if>
      <if test="n03 != null">
        n03 = #{n03,jdbcType=DOUBLE},
      </if>
      <if test="nh3n != null">
        nh3n = #{nh3n,jdbcType=DOUBLE},
      </if>
      <if test="pb != null">
        pb = #{pb,jdbcType=DOUBLE},
      </if>
      <if test="sb != null">
        sb = #{sb,jdbcType=DOUBLE},
      </if>
      <if test="tn != null">
        tn = #{tn,jdbcType=DOUBLE},
      </if>
      <if test="toc != null">
        toc = #{toc,jdbcType=DOUBLE},
      </if>
      <if test="tp != null">
        tp = #{tp,jdbcType=DOUBLE},
      </if>
      <if test="turb != null">
        turb = #{turb,jdbcType=DOUBLE},
      </if>
      <if test="vlph != null">
        vlph = #{vlph,jdbcType=DOUBLE},
      </if>
      <if test="wtmp != null">
        wtmp = #{wtmp,jdbcType=DOUBLE},
      </if>
      <if test="zn != null">
        zn = #{zn,jdbcType=DOUBLE},
      </if>
      <if test="cond != null">
        cond = #{cond,jdbcType=DOUBLE},
      </if>
      <if test="ph != null">
        ph = #{ph,jdbcType=DOUBLE},
      </if>
    </set>
    where spt = #{spt,jdbcType=TIMESTAMP}
      and stcd = #{stcd,jdbcType=VARCHAR}
  </update>
  <update id="updateByPrimaryKey" parameterType="com.zhy.converter.domain.HydRiWqamdW">
    
    update hyd_ri_wqamd_w
    set ars = #{ars,jdbcType=DOUBLE},
      cd = #{cd,jdbcType=DOUBLE},
      chla = #{chla,jdbcType=DOUBLE},
      codcr = #{codcr,jdbcType=DOUBLE},
      codmn = #{codmn,jdbcType=DOUBLE},
      cr6 = #{cr6,jdbcType=DOUBLE},
      cu = #{cu,jdbcType=DOUBLE},
      doc = #{doc,jdbcType=DOUBLE},
      f = #{f,jdbcType=DOUBLE},
      hg = #{hg,jdbcType=DOUBLE},
      n02 = #{n02,jdbcType=DOUBLE},
      n03 = #{n03,jdbcType=DOUBLE},
      nh3n = #{nh3n,jdbcType=DOUBLE},
      pb = #{pb,jdbcType=DOUBLE},
      sb = #{sb,jdbcType=DOUBLE},
      tn = #{tn,jdbcType=DOUBLE},
      toc = #{toc,jdbcType=DOUBLE},
      tp = #{tp,jdbcType=DOUBLE},
      turb = #{turb,jdbcType=DOUBLE},
      vlph = #{vlph,jdbcType=DOUBLE},
      wtmp = #{wtmp,jdbcType=DOUBLE},
      zn = #{zn,jdbcType=DOUBLE},
      cond = #{cond,jdbcType=DOUBLE},
      ph = #{ph,jdbcType=DOUBLE}
    where spt = #{spt,jdbcType=TIMESTAMP}
      and stcd = #{stcd,jdbcType=VARCHAR}
  </update>

  <insert id="insertOrUpdate">
      insert into hyd_ri_wqamd_w
      <trim prefix="(" suffix=")" suffixOverrides=",">
          <if test="spt != null">
              spt,
          </if>
          <if test="stcd != null">
              stcd,
          </if>
          <if test="ars != null">
              ars,
          </if>
          <if test="cd != null">
              cd,
          </if>
          <if test="chla != null">
              chla,
          </if>
          <if test="codcr != null">
              codcr,
          </if>
          <if test="codmn != null">
              codmn,
          </if>
          <if test="cr6 != null">
              cr6,
          </if>
          <if test="cu != null">
              cu,
          </if>
          <if test="doc != null">
              doc,
          </if>
          <if test="f != null">
              f,
          </if>
          <if test="hg != null">
              hg,
          </if>
          <if test="n02 != null">
              n02,
          </if>
          <if test="n03 != null">
              n03,
          </if>
          <if test="nh3n != null">
              nh3n,
          </if>
          <if test="pb != null">
              pb,
          </if>
          <if test="sb != null">
              sb,
          </if>
          <if test="tn != null">
              tn,
          </if>
          <if test="toc != null">
              toc,
          </if>
          <if test="tp != null">
              tp,
          </if>
          <if test="turb != null">
              turb,
          </if>
          <if test="vlph != null">
              vlph,
          </if>
          <if test="wtmp != null">
              wtmp,
          </if>
          <if test="zn != null">
              zn,
          </if>
          <if test="cond != null">
              cond,
          </if>
          <if test="ph != null">
              ph,
          </if>
      </trim>
      <trim prefix="values (" suffix=")" suffixOverrides=",">
          <if test="spt != null">
              #{spt,jdbcType=TIMESTAMP},
          </if>
          <if test="stcd != null">
              #{stcd,jdbcType=VARCHAR},
          </if>
          <if test="ars != null">
              #{ars,jdbcType=DOUBLE},
          </if>
          <if test="cd != null">
              #{cd,jdbcType=DOUBLE},
          </if>
          <if test="chla != null">
              #{chla,jdbcType=DOUBLE},
          </if>
          <if test="codcr != null">
              #{codcr,jdbcType=DOUBLE},
          </if>
          <if test="codmn != null">
              #{codmn,jdbcType=DOUBLE},
          </if>
          <if test="cr6 != null">
              #{cr6,jdbcType=DOUBLE},
          </if>
          <if test="cu != null">
              #{cu,jdbcType=DOUBLE},
          </if>
          <if test="doc != null">
              #{doc,jdbcType=DOUBLE},
          </if>
          <if test="f != null">
              #{f,jdbcType=DOUBLE},
          </if>
          <if test="hg != null">
              #{hg,jdbcType=DOUBLE},
          </if>
          <if test="n02 != null">
              #{n02,jdbcType=DOUBLE},
          </if>
          <if test="n03 != null">
              #{n03,jdbcType=DOUBLE},
          </if>
          <if test="nh3n != null">
              #{nh3n,jdbcType=DOUBLE},
          </if>
          <if test="pb != null">
              #{pb,jdbcType=DOUBLE},
          </if>
          <if test="sb != null">
              #{sb,jdbcType=DOUBLE},
          </if>
          <if test="tn != null">
              #{tn,jdbcType=DOUBLE},
          </if>
          <if test="toc != null">
              #{toc,jdbcType=DOUBLE},
          </if>
          <if test="tp != null">
              #{tp,jdbcType=DOUBLE},
          </if>
          <if test="turb != null">
              #{turb,jdbcType=DOUBLE},
          </if>
          <if test="vlph != null">
              #{vlph,jdbcType=DOUBLE},
          </if>
          <if test="wtmp != null">
              #{wtmp,jdbcType=DOUBLE},
          </if>
          <if test="zn != null">
              #{zn,jdbcType=DOUBLE},
          </if>
          <if test="cond != null">
              #{cond,jdbcType=DOUBLE},
          </if>
          <if test="ph != null">
              #{ph,jdbcType=DOUBLE},
          </if>
      </trim>
      on duplicate key update
      <trim prefix="" suffixOverrides=",">
          <if test="ars != null">
              ars = #{ars,jdbcType=DOUBLE},
          </if>
          <if test="cd != null">
              cd = #{cd,jdbcType=DOUBLE},
          </if>
          <if test="chla != null">
              chla = #{chla,jdbcType=DOUBLE},
          </if>
          <if test="codcr != null">
              codcr = #{codcr,jdbcType=DOUBLE},
          </if>
          <if test="codmn != null">
              codmn = #{codmn,jdbcType=DOUBLE},
          </if>
          <if test="cr6 != null">
              cr6 = #{cr6,jdbcType=DOUBLE},
          </if>
          <if test="cu != null">
              cu = #{cu,jdbcType=DOUBLE},
          </if>
          <if test="doc != null">
              doc = #{doc,jdbcType=DOUBLE},
          </if>
          <if test="f != null">
              f = #{f,jdbcType=DOUBLE},
          </if>
          <if test="hg != null">
              hg = #{hg,jdbcType=DOUBLE},
          </if>
          <if test="n02 != null">
              n02 = #{n02,jdbcType=DOUBLE},
          </if>
          <if test="n03 != null">
              n03 = #{n03,jdbcType=DOUBLE},
          </if>
          <if test="nh3n != null">
              nh3n = #{nh3n,jdbcType=DOUBLE},
          </if>
          <if test="pb != null">
              pb = #{pb,jdbcType=DOUBLE},
          </if>
          <if test="sb != null">
              sb = #{sb,jdbcType=DOUBLE},
          </if>
          <if test="tn != null">
              tn = #{tn,jdbcType=DOUBLE},
          </if>
          <if test="toc != null">
              toc = #{toc,jdbcType=DOUBLE},
          </if>
          <if test="tp != null">
              tp = #{tp,jdbcType=DOUBLE},
          </if>
          <if test="turb != null">
              turb = #{turb,jdbcType=DOUBLE},
          </if>
          <if test="vlph != null">
              vlph = #{vlph,jdbcType=DOUBLE},
          </if>
          <if test="wtmp != null">
              wtmp = #{wtmp,jdbcType=DOUBLE},
          </if>
          <if test="zn != null">
              zn = #{zn,jdbcType=DOUBLE},
          </if>
          <if test="cond != null">
              cond = #{cond,jdbcType=DOUBLE},
          </if>
          <if test="ph != null">
              ph = #{ph,jdbcType=DOUBLE},
          </if>
      </trim>
  </insert>
</mapper>