<?xml version="1.0" encoding="UTF-8"?>
<!DOCTYPE mapper
        PUBLIC "-//mybatis.org//DTD Mapper 3.0//EN"
        "http://mybatis.org/dtd/mybatis-3-mapper.dtd">
<mapper namespace="com.zhy.converter.mapper.StPptnRMapper">
    <resultMap id="BaseResultMap" type="com.zhy.converter.domain.StPptnR">
        <id property="tm" column="tm" jdbcType="TIMESTAMP"/>
        <id property="stcd" column="stcd" jdbcType="CHAR"/>
        <result property="drp" column="drp" jdbcType="DECIMAL"/>
        <result property="intv" column="intv" jdbcType="DECIMAL"/>
        <result property="pdr" column="pdr" jdbcType="DECIMAL"/>
        <result property="dyp" column="dyp" jdbcType="DECIMAL"/>
        <result property="wth" column="wth" jdbcType="CHAR"/>
    </resultMap>

    <sql id="Base_Column_Select">
        select tm,
               stcd,
               drp,
               intv,
               pdr,
               dyp,
               wth
        from st_pptn_r
    </sql>

    <select id="selectByPrimaryKey" parameterType="java.lang.Long" resultMap="BaseResultMap">
        <include refid="Base_Column_Select"/>
        where tm = #{tm,jdbcType=TIMESTAMP}
          AND stcd = #{stcd,jdbcType=CHAR}
    </select>

    <delete id="deleteByPrimaryKey" parameterType="java.lang.Long">
        delete
        from st_pptn_r
        where tm = #{tm,jdbcType=TIMESTAMP}
          AND stcd = #{stcd,jdbcType=CHAR}
    </delete>
    <insert id="insertOrUpdate">
        insert into st_pptn_r
        <trim prefix="(" suffix=")" suffixOverrides=",">
            <if test="tm != null">
                tm,
            </if>
            <if test="stcd != null">
                stcd,
            </if>
            <if test="drp != null">
                drp,
            </if>
            <if test="intv != null">
                intv,
            </if>
            <if test="pdr != null">
                pdr,
            </if>
            <if test="dyp != null">
                dyp,
            </if>
            <if test="wth != null">
                wth,
            </if>
        </trim>
        <trim prefix="values (" suffix=")" suffixOverrides=",">
            <if test="tm != null">
                #{tm,jdbcType=TIMESTAMP},
            </if>
            <if test="stcd != null">
                #{stcd,jdbcType=CHAR},
            </if>
            <if test="drp != null">
                #{drp,jdbcType=DECIMAL},
            </if>
            <if test="intv != null">
                #{intv,jdbcType=DECIMAL},
            </if>
            <if test="pdr != null">
                #{pdr,jdbcType=DECIMAL},
            </if>
            <if test="dyp != null">
                #{dyp,jdbcType=DECIMAL},
            </if>
            <if test="wth != null">
                #{wth,jdbcType=CHAR},
            </if>
        </trim>
        on duplicate key update
        <trim prefix="" suffixOverrides=",">
            <if test="drp != null">
                drp = #{drp},
            </if>
            <if test="intv != null">
                intv = #{intv},
            </if>
        </trim>
    </insert>
    <insert id="insertSelective">
        insert into st_pptn_r
        <trim prefix="(" suffix=")" suffixOverrides=",">
            <if test="tm != null">
                tm,
            </if>
            <if test="stcd != null">
                stcd,
            </if>
            <if test="drp != null">
                drp,
            </if>
            <if test="intv != null">
                intv,
            </if>
            <if test="pdr != null">
                pdr,
            </if>
            <if test="dyp != null">
                dyp,
            </if>
            <if test="wth != null">
                wth,
            </if>
        </trim>
        <trim prefix="values (" suffix=")" suffixOverrides=",">
            <if test="tm != null">
                #{tm,jdbcType=TIMESTAMP},
            </if>
            <if test="stcd != null">
                #{stcd,jdbcType=CHAR},
            </if>
            <if test="drp != null">
                #{drp,jdbcType=DECIMAL},
            </if>
            <if test="intv != null">
                #{intv,jdbcType=DECIMAL},
            </if>
            <if test="pdr != null">
                #{pdr,jdbcType=DECIMAL},
            </if>
            <if test="dyp != null">
                #{dyp,jdbcType=DECIMAL},
            </if>
            <if test="wth != null">
                #{wth,jdbcType=CHAR},
            </if>
        </trim>
    </insert>
    <update id="updateByPrimaryKeySelective" parameterType="com.zhy.converter.domain.StPptnR">
        update st_pptn_r
        <set>
            <if test="drp != null">
                drp = #{drp,jdbcType=DECIMAL},
            </if>
            <if test="intv != null">
                intv = #{intv,jdbcType=DECIMAL},
            </if>
            <if test="pdr != null">
                pdr = #{pdr,jdbcType=DECIMAL},
            </if>
            <if test="dyp != null">
                dyp = #{dyp,jdbcType=DECIMAL},
            </if>
            <if test="wth != null">
                wth = #{wth,jdbcType=CHAR},
            </if>
        </set>
        where tm = #{tm,jdbcType=TIMESTAMP}
          AND stcd = #{stcd,jdbcType=CHAR}
    </update>
    <update id="updateByPrimaryKey" parameterType="com.zhy.converter.domain.StPptnR">
        update st_pptn_r
        set drp  = #{drp,jdbcType=DECIMAL},
            intv = #{intv,jdbcType=DECIMAL},
            pdr  = #{pdr,jdbcType=DECIMAL},
            dyp  = #{dyp,jdbcType=DECIMAL},
            wth  = #{wth,jdbcType=CHAR}
        where tm = #{tm,jdbcType=TIMESTAMP}
          AND stcd = #{stcd,jdbcType=CHAR}
    </update>
</mapper>
