<?xml version="1.0" encoding="UTF-8"?>
<!DOCTYPE mapper PUBLIC "-//mybatis.org//DTD Mapper 3.0//EN" "http://mybatis.org/dtd/mybatis-3-mapper.dtd">
<mapper namespace="com.zhy.converter.mapper.StRiverRMapper">
    <resultMap id="BaseResultMap" type="com.zhy.converter.domain.StRiverR">
        <id column="tm" jdbcType="TIMESTAMP" property="tm"/>
        <id column="stcd" jdbcType="CHAR" property="stcd"/>
        <result column="z" jdbcType="DECIMAL" property="z"/>
        <result column="q" jdbcType="DECIMAL" property="q"/>
        <result column="xsa" jdbcType="DECIMAL" property="xsa"/>
        <result column="xsavv" jdbcType="DECIMAL" property="xsavv"/>
        <result column="xsmxv" jdbcType="DECIMAL" property="xsmxv"/>
        <result column="flwchrcd" jdbcType="CHAR" property="flwchrcd"/>
        <result column="wptn" jdbcType="CHAR" property="wptn"/>
        <result column="msqmt" jdbcType="CHAR" property="msqmt"/>
        <result column="msamt" jdbcType="CHAR" property="msamt"/>
        <result column="msvmt" jdbcType="CHAR" property="msvmt"/>
    </resultMap>
    <sql id="Base_Column_List">
        tm,
        stcd,
        z,
        q,
        xsa,
        xsavv,
        xsmxv,
        flwchrcd,
        wptn,
        msqmt,
        msamt,
        msvmt
    </sql>
    <select id="selectByPrimaryKey" parameterType="map" resultMap="BaseResultMap">
        select
        <include refid="Base_Column_List"/>
        from st_river_r
        where tm = #{tm,jdbcType=TIMESTAMP}
          and stcd = #{stcd,jdbcType=CHAR}
    </select>
    <delete id="deleteByPrimaryKey" parameterType="map">
        delete
        from st_river_r
        where tm = #{tm,jdbcType=TIMESTAMP}
          and stcd = #{stcd,jdbcType=CHAR}
    </delete>
    <insert id="insert" parameterType="com.zhy.converter.domain.StRiverR">
        insert into st_river_r (tm, stcd, z, q,
                                xsa, xsavv, xsmxv,
                                flwchrcd, wptn, msqmt, msamt,
                                msvmt)
        values (#{tm,jdbcType=TIMESTAMP}, #{stcd,jdbcType=CHAR}, #{z,jdbcType=DECIMAL}, #{q,jdbcType=DECIMAL},
                #{xsa,jdbcType=DECIMAL}, #{xsavv,jdbcType=DECIMAL}, #{xsmxv,jdbcType=DECIMAL},
                #{flwchrcd,jdbcType=CHAR}, #{wptn,jdbcType=CHAR}, #{msqmt,jdbcType=CHAR}, #{msamt,jdbcType=CHAR},
                #{msvmt,jdbcType=CHAR})
    </insert>
    <insert id="insertSelective" parameterType="com.zhy.converter.domain.StRiverR">
        insert into st_river_r
        <trim prefix="(" suffix=")" suffixOverrides=",">
            <if test="tm != null">
                tm,
            </if>
            <if test="stcd != null">
                stcd,
            </if>
            <if test="z != null">
                z,
            </if>
            <if test="q != null">
                q,
            </if>
            <if test="xsa != null">
                xsa,
            </if>
            <if test="xsavv != null">
                xsavv,
            </if>
            <if test="xsmxv != null">
                xsmxv,
            </if>
            <if test="flwchrcd != null">
                flwchrcd,
            </if>
            <if test="wptn != null">
                wptn,
            </if>
            <if test="msqmt != null">
                msqmt,
            </if>
            <if test="msamt != null">
                msamt,
            </if>
            <if test="msvmt != null">
                msvmt,
            </if>
        </trim>
        <trim prefix="values (" suffix=")" suffixOverrides=",">
            <if test="tm != null">
                #{tm,jdbcType=TIMESTAMP},
            </if>
            <if test="stcd != null">
                #{stcd,jdbcType=CHAR},
            </if>
            <if test="z != null">
                #{z,jdbcType=DECIMAL},
            </if>
            <if test="q != null">
                #{q,jdbcType=DECIMAL},
            </if>
            <if test="xsa != null">
                #{xsa,jdbcType=DECIMAL},
            </if>
            <if test="xsavv != null">
                #{xsavv,jdbcType=DECIMAL},
            </if>
            <if test="xsmxv != null">
                #{xsmxv,jdbcType=DECIMAL},
            </if>
            <if test="flwchrcd != null">
                #{flwchrcd,jdbcType=CHAR},
            </if>
            <if test="wptn != null">
                #{wptn,jdbcType=CHAR},
            </if>
            <if test="msqmt != null">
                #{msqmt,jdbcType=CHAR},
            </if>
            <if test="msamt != null">
                #{msamt,jdbcType=CHAR},
            </if>
            <if test="msvmt != null">
                #{msvmt,jdbcType=CHAR},
            </if>
        </trim>
    </insert>
    <update id="updateByPrimaryKeySelective" parameterType="com.zhy.converter.domain.StRiverR">
        update st_river_r
        <set>
            <if test="z != null">
                z = #{z,jdbcType=DECIMAL},
            </if>
            <if test="q != null">
                q = #{q,jdbcType=DECIMAL},
            </if>
            <if test="xsa != null">
                xsa = #{xsa,jdbcType=DECIMAL},
            </if>
            <if test="xsavv != null">
                xsavv = #{xsavv,jdbcType=DECIMAL},
            </if>
            <if test="xsmxv != null">
                xsmxv = #{xsmxv,jdbcType=DECIMAL},
            </if>
            <if test="flwchrcd != null">
                flwchrcd = #{flwchrcd,jdbcType=CHAR},
            </if>
            <if test="wptn != null">
                wptn = #{wptn,jdbcType=CHAR},
            </if>
            <if test="msqmt != null">
                msqmt = #{msqmt,jdbcType=CHAR},
            </if>
            <if test="msamt != null">
                msamt = #{msamt,jdbcType=CHAR},
            </if>
            <if test="msvmt != null">
                msvmt = #{msvmt,jdbcType=CHAR},
            </if>
        </set>
        where tm = #{tm,jdbcType=TIMESTAMP}
          and stcd = #{stcd,jdbcType=CHAR}
    </update>
    <update id="updateByPrimaryKey" parameterType="com.zhy.converter.domain.StRiverR">
        update st_river_r
        set z        = #{z,jdbcType=DECIMAL},
            q        = #{q,jdbcType=DECIMAL},
            xsa      = #{xsa,jdbcType=DECIMAL},
            xsavv    = #{xsavv,jdbcType=DECIMAL},
            xsmxv    = #{xsmxv,jdbcType=DECIMAL},
            flwchrcd = #{flwchrcd,jdbcType=CHAR},
            wptn     = #{wptn,jdbcType=CHAR},
            msqmt    = #{msqmt,jdbcType=CHAR},
            msamt    = #{msamt,jdbcType=CHAR},
            msvmt    = #{msvmt,jdbcType=CHAR}
        where tm = #{tm,jdbcType=TIMESTAMP}
          and stcd = #{stcd,jdbcType=CHAR}
    </update>

    <insert id="insertOrUpdate">
        insert into st_river_r
        <trim prefix="(" suffix=")" suffixOverrides=",">
            <if test="tm != null">
                tm,
            </if>
            <if test="stcd != null">
                stcd,
            </if>
            <if test="z != null">
                z,
            </if>
            <if test="q != null">
                q,
            </if>
            <if test="xsa != null">
                xsa,
            </if>
            <if test="xsavv != null">
                xsavv,
            </if>
            <if test="xsmxv != null">
                xsmxv,
            </if>
            <if test="flwchrcd != null">
                flwchrcd,
            </if>
            <if test="wptn != null">
                wptn,
            </if>
            <if test="msqmt != null">
                msqmt,
            </if>
            <if test="msamt != null">
                msamt,
            </if>
            <if test="msvmt != null">
                msvmt,
            </if>
        </trim>
        <trim prefix="values (" suffix=")" suffixOverrides=",">
            <if test="tm != null">
                #{tm,jdbcType=TIMESTAMP},
            </if>
            <if test="stcd != null">
                #{stcd,jdbcType=CHAR},
            </if>
            <if test="z != null">
                #{z,jdbcType=DECIMAL},
            </if>
            <if test="q != null">
                #{q,jdbcType=DECIMAL},
            </if>
            <if test="xsa != null">
                #{xsa,jdbcType=DECIMAL},
            </if>
            <if test="xsavv != null">
                #{xsavv,jdbcType=DECIMAL},
            </if>
            <if test="xsmxv != null">
                #{xsmxv,jdbcType=DECIMAL},
            </if>
            <if test="flwchrcd != null">
                #{flwchrcd,jdbcType=CHAR},
            </if>
            <if test="wptn != null">
                #{wptn,jdbcType=CHAR},
            </if>
            <if test="msqmt != null">
                #{msqmt,jdbcType=CHAR},
            </if>
            <if test="msamt != null">
                #{msamt,jdbcType=CHAR},
            </if>
            <if test="msvmt != null">
                #{msvmt,jdbcType=CHAR},
            </if>
        </trim>
        on duplicate key update
        <trim prefix="" suffixOverrides=",">
            <if test="z != null">
                z = #{z,jdbcType=DECIMAL},
            </if>
            <if test="q != null">
                q = #{q,jdbcType=DECIMAL},
            </if>
            <if test="xsa != null">
                xsa = #{xsa,jdbcType=DECIMAL},
            </if>
            <if test="xsavv != null">
                xsavv = #{xsavv,jdbcType=DECIMAL},
            </if>
            <if test="xsmxv != null">
                xsmxv = #{xsmxv,jdbcType=DECIMAL},
            </if>
            <if test="flwchrcd != null">
                flwchrcd = #{flwchrcd,jdbcType=CHAR},
            </if>
            <if test="wptn != null">
                wptn = #{wptn,jdbcType=CHAR},
            </if>
            <if test="msqmt != null">
                msqmt = #{msqmt,jdbcType=CHAR},
            </if>
            <if test="msamt != null">
                msamt = #{msamt,jdbcType=CHAR},
            </if>
            <if test="msvmt != null">
                msvmt = #{msvmt,jdbcType=CHAR},
            </if>
        </trim>
    </insert>
</mapper>