<?xml version="1.0" encoding="UTF-8"?>
<!DOCTYPE mapper PUBLIC "-//mybatis.org//DTD Mapper 3.0//EN" "http://mybatis.org/dtd/mybatis-3-mapper.dtd">
<mapper namespace="com.zhy.things.data.mapper.ThingsDataHisMapper">
  <resultMap id="BaseResultMap" type="com.zhy.common.things.domain.ThingsDataHis">
    <!--@mbg.generated-->
    <id column="id" jdbcType="BIGINT" property="id" />
    <result column="product_name" jdbcType="VARCHAR" property="productName" />
    <result column="product_id" jdbcType="VARCHAR" property="productId" />
    <result column="device_name" jdbcType="VARCHAR" property="deviceName" />
    <result column="device_id" jdbcType="VARCHAR" property="deviceId" />
    <result column="property_name" jdbcType="VARCHAR" property="propertyName" />
    <result column="property_id" jdbcType="VARCHAR" property="propertyId" />
    <result column="value" jdbcType="DOUBLE" property="value" />
    <result column="value_time" jdbcType="TIMESTAMP" property="valueTime" />
    <result column="create_time" jdbcType="TIMESTAMP" property="createTime" />
  </resultMap>
  <sql id="Base_Column_List">
    <!--@mbg.generated-->
    id, product_name, product_id, device_name, device_id, property_name, property_id,
    `value`, value_time, create_time
  </sql>

  <select id="selectThingsDataHisList" parameterType="ThingsDataHis" resultMap="BaseResultMap">
    select
    <include refid="Base_Column_List"/>
    from things_data_his
    <where>
      <if test="deviceName != null  and deviceName != ''"> and device_name like concat('%', #{deviceName,jdbcType=VARCHAR}, '%')</if>
      <if test="propertyName != null  and propertyName != ''"> and property_name like concat('%', #{propertyName,jdbcType=VARCHAR}, '%')</if>
      <if test="productName != null  and productName != ''"> and product_name like concat('%', #{productName,jdbcType=VARCHAR}, '%')</if>
      <if test="productId != null  and productId != ''"> and product_id = #{productId,jdbcType=VARCHAR}</if>
      <if test="deviceId != null  and deviceId != ''"> and device_id = #{deviceId,jdbcType=VARCHAR}</if>
       <if test="propertyId != null  and propertyId != ''"> and property_id = #{propertyId,jdbcType=VARCHAR}</if>
      <if test="alarmBeginTime != null and alarmEndTime != null"> and value_time between #{alarmBeginTime,jdbcType=TIMESTAMP} and #{alarmEndTime,jdbcType=TIMESTAMP} </if>
    </where>
    ORDER BY value_time DESC
  </select>


  <select id="selectByPrimaryKey" parameterType="java.lang.Long" resultMap="BaseResultMap">
    <!--@mbg.generated-->
    select 
    <include refid="Base_Column_List" />
    from things_data_his
    where id = #{id,jdbcType=BIGINT}
  </select>



  <delete id="deleteByPrimaryKey" parameterType="java.lang.Long">
    <!--@mbg.generated-->
    delete from things_data_his
    where id = #{id,jdbcType=BIGINT}
  </delete>
  <insert id="insert" keyColumn="id" keyProperty="id" parameterType="com.zhy.common.things.domain.ThingsDataHis" useGeneratedKeys="true">
    <!--@mbg.generated-->
    insert into things_data_his (product_name, product_id, device_name,
      device_id, property_name, property_id,
      `value`, value_time, create_time
      )
    values (#{productName,jdbcType=VARCHAR}, #{productId,jdbcType=VARCHAR}, #{deviceName,jdbcType=VARCHAR},
      #{deviceId,jdbcType=VARCHAR}, #{propertyName,jdbcType=VARCHAR}, #{propertyId,jdbcType=VARCHAR},
      #{value,jdbcType=DOUBLE}, #{valueTime,jdbcType=TIMESTAMP}, #{createTime,jdbcType=TIMESTAMP}
      )
  </insert>
  <insert id="insertSelective" keyColumn="id" keyProperty="id" parameterType="com.zhy.common.things.domain.ThingsDataHis" useGeneratedKeys="true">
    <!--@mbg.generated-->
    insert into things_data_his
    <trim prefix="(" suffix=")" suffixOverrides=",">
      <if test="productName != null">
        product_name,
      </if>
      <if test="productId != null">
        product_id,
      </if>
      <if test="deviceName != null">
        device_name,
      </if>
      <if test="deviceId != null">
        device_id,
      </if>
      <if test="propertyName != null">
        property_name,
      </if>
      <if test="propertyId != null">
        property_id,
      </if>
      <if test="value != null">
        `value`,
      </if>
      <if test="valueTime != null">
        value_time,
      </if>
      <if test="createTime != null">
        create_time,
      </if>
    </trim>
    <trim prefix="values (" suffix=")" suffixOverrides=",">
      <if test="productName != null">
        #{productName,jdbcType=VARCHAR},
      </if>
      <if test="productId != null">
        #{productId,jdbcType=VARCHAR},
      </if>
      <if test="deviceName != null">
        #{deviceName,jdbcType=VARCHAR},
      </if>
      <if test="deviceId != null">
        #{deviceId,jdbcType=VARCHAR},
      </if>
      <if test="propertyName != null">
        #{propertyName,jdbcType=VARCHAR},
      </if>
      <if test="propertyId != null">
        #{propertyId,jdbcType=VARCHAR},
      </if>
      <if test="value != null">
        #{value,jdbcType=DOUBLE},
      </if>
      <if test="valueTime != null">
        #{valueTime,jdbcType=TIMESTAMP},
      </if>
      <if test="createTime != null">
        #{createTime,jdbcType=TIMESTAMP},
      </if>
    </trim>
  </insert>
  <update id="updateByPrimaryKeySelective" parameterType="com.zhy.common.things.domain.ThingsDataHis">
    <!--@mbg.generated-->
    update things_data_his
    <set>
      <if test="productName != null">
        product_name = #{productName,jdbcType=VARCHAR},
      </if>
      <if test="productId != null">
        product_id = #{productId,jdbcType=VARCHAR},
      </if>
      <if test="deviceName != null">
        device_name = #{deviceName,jdbcType=VARCHAR},
      </if>
      <if test="deviceId != null">
        device_id = #{deviceId,jdbcType=VARCHAR},
      </if>
      <if test="propertyName != null">
        property_name = #{propertyName,jdbcType=VARCHAR},
      </if>
      <if test="propertyId != null">
        property_id = #{propertyId,jdbcType=VARCHAR},
      </if>
      <if test="value != null">
        `value` = #{value,jdbcType=DOUBLE},
      </if>
      <if test="valueTime != null">
        value_time = #{valueTime,jdbcType=TIMESTAMP},
      </if>
      <if test="createTime != null">
        create_time = #{createTime,jdbcType=TIMESTAMP},
      </if>
    </set>
    where id = #{id,jdbcType=BIGINT}
  </update>
  <update id="updateByPrimaryKey" parameterType="com.zhy.common.things.domain.ThingsDataHis">
    <!--@mbg.generated-->
    update things_data_his
    set product_name = #{productName,jdbcType=VARCHAR},
      product_id = #{productId,jdbcType=VARCHAR},
      device_name = #{deviceName,jdbcType=VARCHAR},
      device_id = #{deviceId,jdbcType=VARCHAR},
      property_name = #{propertyName,jdbcType=VARCHAR},
      property_id = #{propertyId,jdbcType=VARCHAR},
      `value` = #{value,jdbcType=DOUBLE},
      value_time = #{valueTime,jdbcType=TIMESTAMP},
      create_time = #{createTime,jdbcType=TIMESTAMP}
    where id = #{id,jdbcType=BIGINT}
  </update>
  <update id="createTable">
    create table if not exists things_data_his
      like things_data_his_template;
  </update>
</mapper>